#Variant	Report	v1	HET
#Rare	Variant	Workflow	HET
#SampleId	WorklistId	Variant	Genotype
sample2	18-7515	19:41736900C>T	HET
sample2	18-7515	19:41736900C>T	HET
sample2	18-7515	19:41736900C>T	HET
sample2	18-7515	1:161596104C>G	HET
sample2	18-7515	1:161596104C>G	HET
sample2	18-7515	1:161596104C>G	HET
sample2	18-7515	1:161596104C>G	HET
sample2	18-7515	1:161596104C>G	HET
sample2	18-7515	2:179468753T>C	HET
sample2	18-7515	2:179468753T>C	HET
sample2	18-7515	2:179468753T>C	HET
sample2	18-7515	2:179468753T>C	HET
sample2	18-7515	2:179468753T>C	HET
sample2	18-7515	2:179468753T>C	HET
sample2	18-7515	2:179579025C>T	HET
sample2	18-7515	2:179579025C>T	HET
sample2	18-7515	2:179579025C>T	HET
sample2	18-7515	2:179579025C>T	HET
sample2	18-7515	2:179579025C>T	HET
sample2	18-7515	2:179579025C>T	HET
sample2	18-7515	21:47421938G>A	HET
sample2	18-7515	19:41183190C>T	HET
sample2	18-7515	8:38271216G>A	HET
sample2	18-7515	8:38271216G>A	HET
sample2	18-7515	8:38271216G>A	HET
sample2	18-7515	8:38271216G>A	HET
sample2	18-7515	8:38271216G>A	HET
sample2	18-7515	8:38271216G>A	HET
sample2	18-7515	2:234638237C>T	HET
sample2	18-7515	2:234638237C>T	HET
sample2	18-7515	2:241661268C>G	HET
sample2	18-7515	2:241661268C>G	HET
sample2	18-7515	2:241661268C>G	HET
sample2	18-7515	2:241661268C>G	HET
sample2	18-7515	2:170112639G>A	HET
sample2	18-7515	2:170112639G>A	HET
sample2	18-7515	1:105607830G>A	HOM
