[{"model": "acmg_db.variant", "pk": "17-41197732-G-A", "fields": {"variant_hash": "35a2909763985b3bb29985a4be12fb82a4bf4551d963b7fdb76b96eb0de331bc", "chromosome": "17", "position": 41197732, "ref": "G", "alt": "A"}}, {"model": "acmg_db.gene", "pk": "BRCA1", "fields": {}}, {"model": "acmg_db.transcript", "pk": "NM_007298.3", "fields": {"gene": "BRCA1"}}, {"model": "acmg_db.transcriptvariant", "pk": 282, "fields": {"variant": "17-41197732-G-A", "transcript": "NM_007298.3", "hgvs_c": "NM_007298.3:c.2243C>T", "hgvs_p": "NM_007298.3:p.(Thr748Ile)", "exon": "24"}}, {"model": "acmg_db.classificationquestion", "pk": 1, "fields": {"acmg_code": "PVS1", "order": 1, "text": "Null variant (nonsense, frameshift, canonical \u00b11 or 2 splice sites, initiation codon, single or multi-exon\r\ndeletion) in a gene where LOF is a known mechanism of disease.", "default_strength": "PV", "allowed_strength_change": true, "pathogenic_question": true}}, {"model": "acmg_db.classificationquestion", "pk": 2, "fields": {"acmg_code": "PS1", "order": 2, "text": "Same amino acid change as a previously established pathogenic variant regardless of nucleotide change.", "default_strength": "PS", "allowed_strength_change": true, "pathogenic_question": true}}, {"model": "acmg_db.classificationquestion", "pk": 3, "fields": {"acmg_code": "PS2", "order": 3, "text": "De novo (both maternity and paternity confirmed) in a patient with the disease and no family history.", "default_strength": "PS", "allowed_strength_change": true, "pathogenic_question": true}}, {"model": "acmg_db.classificationquestion", "pk": 4, "fields": {"acmg_code": "PS3", "order": 4, "text": "Well-established in vitro or in vivo functional studies supportive of a damaging effect on the gene or gene product.", "default_strength": "PS", "allowed_strength_change": true, "pathogenic_question": true}}, {"model": "acmg_db.classificationquestion", "pk": 5, "fields": {"acmg_code": "PS4", "order": 5, "text": "The prevalence of the variant in affected individuals is significantly increased compared with the prevalence in controls.", "default_strength": "PS", "allowed_strength_change": true, "pathogenic_question": true}}, {"model": "acmg_db.classificationquestion", "pk": 6, "fields": {"acmg_code": "PM1", "order": 6, "text": "Located in a mutational hot spot and/or critical and well-established functional domain (e.g., active site of an enzyme) without benign variation.", "default_strength": "PM", "allowed_strength_change": true, "pathogenic_question": true}}, {"model": "acmg_db.classificationquestion", "pk": 7, "fields": {"acmg_code": "PM2", "order": 7, "text": "Absent from controls (or at extremely low frequency if recessive) (Table 6) in Exome Sequencing Project,\r\n1000 Genomes Project, or Exome Aggregation Consortium.", "default_strength": "PM", "allowed_strength_change": true, "pathogenic_question": true}}, {"model": "acmg_db.classificationquestion", "pk": 8, "fields": {"acmg_code": "PM3", "order": 8, "text": "For recessive disorders, detected in trans with a pathogenic variant.", "default_strength": "PM", "allowed_strength_change": true, "pathogenic_question": true}}, {"model": "acmg_db.classificationquestion", "pk": 9, "fields": {"acmg_code": "PM4", "order": 9, "text": "Protein length changes as a result of in-frame deletions/insertions in a nonrepeat region or stop-loss variants.", "default_strength": "PM", "allowed_strength_change": true, "pathogenic_question": true}}, {"model": "acmg_db.classificationquestion", "pk": 10, "fields": {"acmg_code": "PM5", "order": 10, "text": "PM5", "default_strength": "PM", "allowed_strength_change": true, "pathogenic_question": true}}, {"model": "acmg_db.classificationquestion", "pk": 11, "fields": {"acmg_code": "PM6", "order": 11, "text": "Assumed de novo, but without confirmation of paternity and maternity.", "default_strength": "PM", "allowed_strength_change": true, "pathogenic_question": true}}, {"model": "acmg_db.classificationquestion", "pk": 12, "fields": {"acmg_code": "PP1", "order": 12, "text": "Cosegregation with disease in multiple affected family members in a gene definitively known to cause the disease.", "default_strength": "PP", "allowed_strength_change": true, "pathogenic_question": true}}, {"model": "acmg_db.classificationquestion", "pk": 13, "fields": {"acmg_code": "PP2", "order": 13, "text": "Missense variant in a gene that has a low rate of benign missense variation and in which missense variants are a common mechanism of disease.", "default_strength": "PP", "allowed_strength_change": true, "pathogenic_question": true}}, {"model": "acmg_db.classificationquestion", "pk": 14, "fields": {"acmg_code": "PP3", "order": 14, "text": "Multiple lines of computational evidence support a deleterious effect on the gene or gene product\r\n(conservation, evolutionary, splicing impact, etc.).", "default_strength": "PP", "allowed_strength_change": true, "pathogenic_question": true}}, {"model": "acmg_db.classificationquestion", "pk": 15, "fields": {"acmg_code": "PP4", "order": 15, "text": "Patient\u2019s phenotype or family history is highly specific for a disease with a single genetic etiology.", "default_strength": "PP", "allowed_strength_change": true, "pathogenic_question": true}}, {"model": "acmg_db.classificationquestion", "pk": 16, "fields": {"acmg_code": "BA1", "order": 16, "text": "Allele frequency is >5% in Exome Sequencing Project, 1000 Genomes Project, or Exome Aggregation Consortium.", "default_strength": "BA", "allowed_strength_change": true, "pathogenic_question": false}}, {"model": "acmg_db.classificationquestion", "pk": 17, "fields": {"acmg_code": "BS1", "order": 17, "text": "Allele frequency is greater than expected for disorder.", "default_strength": "BS", "allowed_strength_change": true, "pathogenic_question": false}}, {"model": "acmg_db.classificationquestion", "pk": 18, "fields": {"acmg_code": "BS2", "order": 18, "text": "Observed in a healthy adult individual for a recessive (homozygous), dominant (heterozygous), or X-linked (hemizygous) disorder, with full penetrance expected at an early age.", "default_strength": "BS", "allowed_strength_change": true, "pathogenic_question": false}}, {"model": "acmg_db.classificationquestion", "pk": 19, "fields": {"acmg_code": "BS3", "order": 19, "text": "Well-established in vitro or in vivo functional studies show no damaging effect on protein function or splicing.", "default_strength": "BS", "allowed_strength_change": true, "pathogenic_question": false}}, {"model": "acmg_db.classificationquestion", "pk": 20, "fields": {"acmg_code": "BS4", "order": 20, "text": "Lack of segregation in affected members of a family.", "default_strength": "BS", "allowed_strength_change": true, "pathogenic_question": false}}, {"model": "acmg_db.classificationquestion", "pk": 21, "fields": {"acmg_code": "BP1", "order": 21, "text": "Missense variant in a gene for which primarily truncating variants are known to cause disease.", "default_strength": "BP", "allowed_strength_change": true, "pathogenic_question": false}}, {"model": "acmg_db.classificationquestion", "pk": 22, "fields": {"acmg_code": "BP2", "order": 22, "text": "Observed in trans with a pathogenic variant for a fully penetrant dominant gene/disorder or observed in cis with a pathogenic variant in any inheritance pattern.", "default_strength": "BP", "allowed_strength_change": true, "pathogenic_question": false}}, {"model": "acmg_db.classificationquestion", "pk": 23, "fields": {"acmg_code": "BP3", "order": 23, "text": "In-frame deletions/insertions in a repetitive region without a known function.", "default_strength": "BP", "allowed_strength_change": true, "pathogenic_question": false}}, {"model": "acmg_db.classificationquestion", "pk": 24, "fields": {"acmg_code": "BP4", "order": 24, "text": "Multiple lines of computational evidence suggest no impact on gene or gene product (conservation, evolutionary, splicing impact, etc.).", "default_strength": "BP", "allowed_strength_change": true, "pathogenic_question": false}}, {"model": "acmg_db.classificationquestion", "pk": 25, "fields": {"acmg_code": "BP7", "order": 26, "text": "A synonymous (silent) variant for which splicing prediction algorithms predict no impact to the splice consensus sequence nor the creation of a new splice site AND the nucleotide is not highly conserved", "default_strength": "BP", "allowed_strength_change": true, "pathogenic_question": false}}, {"model": "acmg_db.classificationquestion", "pk": 26, "fields": {"acmg_code": "BP5", "order": 25, "text": "Variant found in a case with an alternate molecular basis for disease.", "default_strength": "BP", "allowed_strength_change": true, "pathogenic_question": false}}, {"model": "acmg_db.classificationanswer", "pk": 3305, "fields": {"classification": 141, "classification_question": 1, "selected": true, "strength": "PV"}}, {"model": "acmg_db.classificationanswer", "pk": 3306, "fields": {"classification": 141, "classification_question": 2, "selected": true, "strength": "PS"}}, {"model": "acmg_db.classificationanswer", "pk": 3307, "fields": {"classification": 141, "classification_question": 3, "selected": true, "strength": "PS"}}, {"model": "acmg_db.classificationanswer", "pk": 3308, "fields": {"classification": 141, "classification_question": 4, "selected": false, "strength": "PS"}}, {"model": "acmg_db.classificationanswer", "pk": 3309, "fields": {"classification": 141, "classification_question": 5, "selected": false, "strength": "PS"}}, {"model": "acmg_db.classificationanswer", "pk": 3310, "fields": {"classification": 141, "classification_question": 6, "selected": false, "strength": "PM"}}, {"model": "acmg_db.classificationanswer", "pk": 3311, "fields": {"classification": 141, "classification_question": 7, "selected": false, "strength": "PM"}}, {"model": "acmg_db.classificationanswer", "pk": 3312, "fields": {"classification": 141, "classification_question": 8, "selected": false, "strength": "PM"}}, {"model": "acmg_db.classificationanswer", "pk": 3313, "fields": {"classification": 141, "classification_question": 9, "selected": false, "strength": "PM"}}, {"model": "acmg_db.classificationanswer", "pk": 3314, "fields": {"classification": 141, "classification_question": 10, "selected": false, "strength": "PM"}}, {"model": "acmg_db.classificationanswer", "pk": 3315, "fields": {"classification": 141, "classification_question": 11, "selected": false, "strength": "PM"}}, {"model": "acmg_db.classificationanswer", "pk": 3316, "fields": {"classification": 141, "classification_question": 12, "selected": false, "strength": "PP"}}, {"model": "acmg_db.classificationanswer", "pk": 3317, "fields": {"classification": 141, "classification_question": 13, "selected": false, "strength": "PP"}}, {"model": "acmg_db.classificationanswer", "pk": 3318, "fields": {"classification": 141, "classification_question": 14, "selected": false, "strength": "PP"}}, {"model": "acmg_db.classificationanswer", "pk": 3319, "fields": {"classification": 141, "classification_question": 15, "selected": false, "strength": "PP"}}, {"model": "acmg_db.classificationanswer", "pk": 3320, "fields": {"classification": 141, "classification_question": 16, "selected": false, "strength": "BA"}}, {"model": "acmg_db.classificationanswer", "pk": 3321, "fields": {"classification": 141, "classification_question": 17, "selected": true, "strength": "BP"}}, {"model": "acmg_db.classificationanswer", "pk": 3322, "fields": {"classification": 141, "classification_question": 18, "selected": false, "strength": "BS"}}, {"model": "acmg_db.classificationanswer", "pk": 3323, "fields": {"classification": 141, "classification_question": 19, "selected": false, "strength": "BS"}}, {"model": "acmg_db.classificationanswer", "pk": 3324, "fields": {"classification": 141, "classification_question": 20, "selected": false, "strength": "BS"}}, {"model": "acmg_db.classificationanswer", "pk": 3325, "fields": {"classification": 141, "classification_question": 21, "selected": false, "strength": "BP"}}, {"model": "acmg_db.classificationanswer", "pk": 3326, "fields": {"classification": 141, "classification_question": 22, "selected": false, "strength": "BP"}}, {"model": "acmg_db.classificationanswer", "pk": 3327, "fields": {"classification": 141, "classification_question": 23, "selected": false, "strength": "BP"}}, {"model": "acmg_db.classificationanswer", "pk": 3328, "fields": {"classification": 141, "classification_question": 24, "selected": false, "strength": "BP"}}, {"model": "acmg_db.classificationanswer", "pk": 3329, "fields": {"classification": 141, "classification_question": 26, "selected": false, "strength": "BP"}}, {"model": "acmg_db.classificationanswer", "pk": 3330, "fields": {"classification": 141, "classification_question": 25, "selected": false, "strength": "BP"}}, {"model": "acmg_db.classificationanswer", "pk": 3331, "fields": {"classification": 142, "classification_question": 1, "selected": false, "strength": "PV"}}, {"model": "acmg_db.classificationanswer", "pk": 3332, "fields": {"classification": 142, "classification_question": 2, "selected": false, "strength": "PS"}}, {"model": "acmg_db.classificationanswer", "pk": 3333, "fields": {"classification": 142, "classification_question": 3, "selected": false, "strength": "PS"}}, {"model": "acmg_db.classificationanswer", "pk": 3334, "fields": {"classification": 142, "classification_question": 4, "selected": false, "strength": "PS"}}, {"model": "acmg_db.classificationanswer", "pk": 3335, "fields": {"classification": 142, "classification_question": 5, "selected": false, "strength": "PS"}}, {"model": "acmg_db.classificationanswer", "pk": 3336, "fields": {"classification": 142, "classification_question": 6, "selected": false, "strength": "PM"}}, {"model": "acmg_db.classificationanswer", "pk": 3337, "fields": {"classification": 142, "classification_question": 7, "selected": false, "strength": "PM"}}, {"model": "acmg_db.classificationanswer", "pk": 3338, "fields": {"classification": 142, "classification_question": 8, "selected": false, "strength": "PM"}}, {"model": "acmg_db.classificationanswer", "pk": 3339, "fields": {"classification": 142, "classification_question": 9, "selected": false, "strength": "PM"}}, {"model": "acmg_db.classificationanswer", "pk": 3340, "fields": {"classification": 142, "classification_question": 10, "selected": false, "strength": "PM"}}, {"model": "acmg_db.classificationanswer", "pk": 3341, "fields": {"classification": 142, "classification_question": 11, "selected": false, "strength": "PM"}}, {"model": "acmg_db.classificationanswer", "pk": 3342, "fields": {"classification": 142, "classification_question": 12, "selected": false, "strength": "PP"}}, {"model": "acmg_db.classificationanswer", "pk": 3343, "fields": {"classification": 142, "classification_question": 13, "selected": false, "strength": "PP"}}, {"model": "acmg_db.classificationanswer", "pk": 3344, "fields": {"classification": 142, "classification_question": 14, "selected": false, "strength": "PP"}}, {"model": "acmg_db.classificationanswer", "pk": 3345, "fields": {"classification": 142, "classification_question": 15, "selected": false, "strength": "PP"}}, {"model": "acmg_db.classificationanswer", "pk": 3346, "fields": {"classification": 142, "classification_question": 16, "selected": false, "strength": "BA"}}, {"model": "acmg_db.classificationanswer", "pk": 3347, "fields": {"classification": 142, "classification_question": 17, "selected": false, "strength": "BS"}}, {"model": "acmg_db.classificationanswer", "pk": 3348, "fields": {"classification": 142, "classification_question": 18, "selected": false, "strength": "BS"}}, {"model": "acmg_db.classificationanswer", "pk": 3349, "fields": {"classification": 142, "classification_question": 19, "selected": false, "strength": "BS"}}, {"model": "acmg_db.classificationanswer", "pk": 3350, "fields": {"classification": 142, "classification_question": 20, "selected": false, "strength": "BS"}}, {"model": "acmg_db.classificationanswer", "pk": 3351, "fields": {"classification": 142, "classification_question": 21, "selected": false, "strength": "BP"}}, {"model": "acmg_db.classificationanswer", "pk": 3352, "fields": {"classification": 142, "classification_question": 22, "selected": false, "strength": "BP"}}, {"model": "acmg_db.classificationanswer", "pk": 3353, "fields": {"classification": 142, "classification_question": 23, "selected": false, "strength": "BP"}}, {"model": "acmg_db.classificationanswer", "pk": 3354, "fields": {"classification": 142, "classification_question": 24, "selected": false, "strength": "BP"}}, {"model": "acmg_db.classificationanswer", "pk": 3355, "fields": {"classification": 142, "classification_question": 26, "selected": false, "strength": "BP"}}, {"model": "acmg_db.classificationanswer", "pk": 3356, "fields": {"classification": 142, "classification_question": 25, "selected": false, "strength": "BP"}}, {"model": "auth.permission", "pk": 1, "fields": {"name": "Can add log entry", "content_type": 1, "codename": "add_logentry"}}, {"model": "auth.permission", "pk": 2, "fields": {"name": "Can change log entry", "content_type": 1, "codename": "change_logentry"}}, {"model": "auth.permission", "pk": 3, "fields": {"name": "Can delete log entry", "content_type": 1, "codename": "delete_logentry"}}, {"model": "auth.permission", "pk": 4, "fields": {"name": "Can view log entry", "content_type": 1, "codename": "view_logentry"}}, {"model": "auth.permission", "pk": 5, "fields": {"name": "Can add permission", "content_type": 2, "codename": "add_permission"}}, {"model": "auth.permission", "pk": 6, "fields": {"name": "Can change permission", "content_type": 2, "codename": "change_permission"}}, {"model": "auth.permission", "pk": 7, "fields": {"name": "Can delete permission", "content_type": 2, "codename": "delete_permission"}}, {"model": "auth.permission", "pk": 8, "fields": {"name": "Can view permission", "content_type": 2, "codename": "view_permission"}}, {"model": "auth.permission", "pk": 9, "fields": {"name": "Can add group", "content_type": 3, "codename": "add_group"}}, {"model": "auth.permission", "pk": 10, "fields": {"name": "Can change group", "content_type": 3, "codename": "change_group"}}, {"model": "auth.permission", "pk": 11, "fields": {"name": "Can delete group", "content_type": 3, "codename": "delete_group"}}, {"model": "auth.permission", "pk": 12, "fields": {"name": "Can view group", "content_type": 3, "codename": "view_group"}}, {"model": "auth.permission", "pk": 13, "fields": {"name": "Can add user", "content_type": 4, "codename": "add_user"}}, {"model": "auth.permission", "pk": 14, "fields": {"name": "Can change user", "content_type": 4, "codename": "change_user"}}, {"model": "auth.permission", "pk": 15, "fields": {"name": "Can delete user", "content_type": 4, "codename": "delete_user"}}, {"model": "auth.permission", "pk": 16, "fields": {"name": "Can view user", "content_type": 4, "codename": "view_user"}}, {"model": "auth.permission", "pk": 17, "fields": {"name": "Can add content type", "content_type": 5, "codename": "add_contenttype"}}, {"model": "auth.permission", "pk": 18, "fields": {"name": "Can change content type", "content_type": 5, "codename": "change_contenttype"}}, {"model": "auth.permission", "pk": 19, "fields": {"name": "Can delete content type", "content_type": 5, "codename": "delete_contenttype"}}, {"model": "auth.permission", "pk": 20, "fields": {"name": "Can view content type", "content_type": 5, "codename": "view_contenttype"}}, {"model": "auth.permission", "pk": 21, "fields": {"name": "Can add session", "content_type": 6, "codename": "add_session"}}, {"model": "auth.permission", "pk": 22, "fields": {"name": "Can change session", "content_type": 6, "codename": "change_session"}}, {"model": "auth.permission", "pk": 23, "fields": {"name": "Can delete session", "content_type": 6, "codename": "delete_session"}}, {"model": "auth.permission", "pk": 24, "fields": {"name": "Can view session", "content_type": 6, "codename": "view_session"}}, {"model": "auth.permission", "pk": 25, "fields": {"name": "Can add classification answer", "content_type": 7, "codename": "add_classificationanswer"}}, {"model": "auth.permission", "pk": 26, "fields": {"name": "Can change classification answer", "content_type": 7, "codename": "change_classificationanswer"}}, {"model": "auth.permission", "pk": 27, "fields": {"name": "Can delete classification answer", "content_type": 7, "codename": "delete_classificationanswer"}}, {"model": "auth.permission", "pk": 28, "fields": {"name": "Can view classification answer", "content_type": 7, "codename": "view_classificationanswer"}}, {"model": "auth.permission", "pk": 29, "fields": {"name": "Can add classification question", "content_type": 8, "codename": "add_classificationquestion"}}, {"model": "auth.permission", "pk": 30, "fields": {"name": "Can change classification question", "content_type": 8, "codename": "change_classificationquestion"}}, {"model": "auth.permission", "pk": 31, "fields": {"name": "Can delete classification question", "content_type": 8, "codename": "delete_classificationquestion"}}, {"model": "auth.permission", "pk": 32, "fields": {"name": "Can view classification question", "content_type": 8, "codename": "view_classificationquestion"}}, {"model": "auth.permission", "pk": 33, "fields": {"name": "Can add variant", "content_type": 9, "codename": "add_variant"}}, {"model": "auth.permission", "pk": 34, "fields": {"name": "Can change variant", "content_type": 9, "codename": "change_variant"}}, {"model": "auth.permission", "pk": 35, "fields": {"name": "Can delete variant", "content_type": 9, "codename": "delete_variant"}}, {"model": "auth.permission", "pk": 36, "fields": {"name": "Can view variant", "content_type": 9, "codename": "view_variant"}}, {"model": "auth.permission", "pk": 37, "fields": {"name": "Can add evidence", "content_type": 10, "codename": "add_evidence"}}, {"model": "auth.permission", "pk": 38, "fields": {"name": "Can change evidence", "content_type": 10, "codename": "change_evidence"}}, {"model": "auth.permission", "pk": 39, "fields": {"name": "Can delete evidence", "content_type": 10, "codename": "delete_evidence"}}, {"model": "auth.permission", "pk": 40, "fields": {"name": "Can view evidence", "content_type": 10, "codename": "view_evidence"}}, {"model": "auth.permission", "pk": 41, "fields": {"name": "Can add transcript variant", "content_type": 11, "codename": "add_transcriptvariant"}}, {"model": "auth.permission", "pk": 42, "fields": {"name": "Can change transcript variant", "content_type": 11, "codename": "change_transcriptvariant"}}, {"model": "auth.permission", "pk": 43, "fields": {"name": "Can delete transcript variant", "content_type": 11, "codename": "delete_transcriptvariant"}}, {"model": "auth.permission", "pk": 44, "fields": {"name": "Can view transcript variant", "content_type": 11, "codename": "view_transcriptvariant"}}, {"model": "auth.permission", "pk": 45, "fields": {"name": "Can add classification", "content_type": 12, "codename": "add_classification"}}, {"model": "auth.permission", "pk": 46, "fields": {"name": "Can change classification", "content_type": 12, "codename": "change_classification"}}, {"model": "auth.permission", "pk": 47, "fields": {"name": "Can delete classification", "content_type": 12, "codename": "delete_classification"}}, {"model": "auth.permission", "pk": 48, "fields": {"name": "Can view classification", "content_type": 12, "codename": "view_classification"}}, {"model": "auth.permission", "pk": 49, "fields": {"name": "Can add gene", "content_type": 13, "codename": "add_gene"}}, {"model": "auth.permission", "pk": 50, "fields": {"name": "Can change gene", "content_type": 13, "codename": "change_gene"}}, {"model": "auth.permission", "pk": 51, "fields": {"name": "Can delete gene", "content_type": 13, "codename": "delete_gene"}}, {"model": "auth.permission", "pk": 52, "fields": {"name": "Can view gene", "content_type": 13, "codename": "view_gene"}}, {"model": "auth.permission", "pk": 53, "fields": {"name": "Can add transcript", "content_type": 14, "codename": "add_transcript"}}, {"model": "auth.permission", "pk": 54, "fields": {"name": "Can change transcript", "content_type": 14, "codename": "change_transcript"}}, {"model": "auth.permission", "pk": 55, "fields": {"name": "Can delete transcript", "content_type": 14, "codename": "delete_transcript"}}, {"model": "auth.permission", "pk": 56, "fields": {"name": "Can view transcript", "content_type": 14, "codename": "view_transcript"}}, {"model": "auth.permission", "pk": 57, "fields": {"name": "Can add user comment", "content_type": 15, "codename": "add_usercomment"}}, {"model": "auth.permission", "pk": 58, "fields": {"name": "Can change user comment", "content_type": 15, "codename": "change_usercomment"}}, {"model": "auth.permission", "pk": 59, "fields": {"name": "Can delete user comment", "content_type": 15, "codename": "delete_usercomment"}}, {"model": "auth.permission", "pk": 60, "fields": {"name": "Can view user comment", "content_type": 15, "codename": "view_usercomment"}}, {"model": "auth.user", "pk": 1, "fields": {"password": "pbkdf2_sha256$120000$U59jjtK3EsAJ$ZxPGZ4N/c0RYjW8ZUHSJoNwZbqs/ISbKBtpOtWrfELg=", "last_login": "2018-11-22T12:03:07.692Z", "is_superuser": true, "username": "admin", "first_name": "", "last_name": "", "email": "", "is_staff": true, "is_active": true, "date_joined": "2018-11-15T16:31:29.182Z", "groups": [], "user_permissions": []}}, {"model": "acmg_db.usercomment", "pk": 40, "fields": {"classification": 141, "user": 1, "text": "This is a test comment.", "time": "2018-11-22T13:36:34.122Z"}}, {"model": "acmg_db.classification", "pk": 141, "fields": {"variant": "17-41197732-G-A", "selected_transcript_variant": 282, "creation_date": "2018-11-22T13:36:01.220Z", "second_check_date": "2018-11-22T13:38:45.251Z", "user_creator": 1, "user_second_checker": 1, "status": "2", "final_class": "Pathogenic (Ia)", "sample_lab_number": "test_sample", "analysis_performed": "test", "other_changes": "test", "affected_with": "test", "trio_de_novo": false, "inheritance_pattern": "test", "conditions": "test"}}, {"model": "acmg_db.classification", "pk": 142, "fields": {"variant": "17-41197732-G-A", "selected_transcript_variant": 282, "creation_date": "2018-11-22T13:39:40.256Z", "second_check_date": null, "user_creator": 1, "user_second_checker": null, "status": "0", "final_class": null, "sample_lab_number": null, "analysis_performed": null, "other_changes": null, "affected_with": null, "trio_de_novo": null, "inheritance_pattern": null, "conditions": null}}]